t,j
2012-1-01,
2012-1-02,U֋x
2012-1-09,l̓
2012-2-11,LO̓
2012-3-20,t̓
2012-4-29,a̓
2012-4-30,U֋x
2012-5-03,@LO
2012-5-04,݂ǂ̓
2012-5-05,ǂ̓
2012-7-16,C̓
2012-9-17,hV̓
2012-9-22,H̓
2012-10-08,̈̓
2012-11-03,̓
2012-11-23,ΘJӂ̓
2012-12-23,Vca
2012-12-24,U֋x
2013-1-01,
2013-1-14,l̓
2013-2-11,LO̓
2013-3-20,t̓
2013-4-29,a̓
2013-5-03,@LO
2013-5-04,݂ǂ̓
2013-5-05,ǂ̓
2013-5-06,U֋x
2013-7-15,C̓
2013-9-16,hV̓
2013-9-23,H̓
2013-10-14,̈̓
2013-11-03,̓
2013-11-04,U֋x
2013-11-23,ΘJӂ̓
2013-12-23,Vca
2014-1-01,
2014-1-13,l̓
2014-2-11,LO̓
2014-3-21,t̓
2014-4-29,a̓
2014-5-03,@LO
2014-5-04,݂ǂ̓
2014-5-05,U֋x
2014-5-05,ǂ̓
2014-7-21,C̓
2014-9-15,hV̓
2014-9-23,H̓
2014-10-13,̈̓
2014-11-03,̓
2014-11-23,ΘJӂ̓
2014-11-24,U֋x
2014-12-23,Vca